Driver,Team,LapNumber,Position,LapTimeSec,Compound,TyreLife,TrackStatus,FinalPosition
RUS,Mercedes,1,2,92.694,MEDIUM,1.0,1,1.0
RUS,Mercedes,2,1,85.007,MEDIUM,2.0,1,1.0
RUS,Mercedes,3,2,86.444,MEDIUM,3.0,1,1.0
RUS,Mercedes,4,2,84.789,MEDIUM,4.0,1,1.0
RUS,Mercedes,5,2,84.017,MEDIUM,5.0,1,1.0
RUS,Mercedes,6,2,84.639,MEDIUM,6.0,1,1.0
RUS,Mercedes,7,2,84.099,MEDIUM,7.0,1,1.0
RUS,Mercedes,8,2,85.19,MEDIUM,8.0,1,1.0
RUS,Mercedes,9,2,85.978,MEDIUM,9.0,1,1.0
RUS,Mercedes,10,2,84.112,MEDIUM,10.0,1,1.0
RUS,Mercedes,11,2,83.967,MEDIUM,11.0,1,1.0
RUS,Mercedes,12,3,125.94,MEDIUM,12.0,16,1.0
RUS,Mercedes,13,3,117.659,HARD,1.0,67,1.0
RUS,Mercedes,14,3,87.094,HARD,2.0,71,1.0
RUS,Mercedes,15,3,82.825,HARD,3.0,1,1.0
RUS,Mercedes,16,3,82.923,HARD,4.0,1,1.0
RUS,Mercedes,17,3,82.765,HARD,5.0,1,1.0
RUS,Mercedes,18,3,88.979,HARD,6.0,126,1.0
RUS,Mercedes,19,3,115.257,HARD,7.0,6,1.0
RUS,Mercedes,20,3,90.936,HARD,8.0,671,1.0
RUS,Mercedes,21,3,82.67,HARD,9.0,1,1.0
RUS,Mercedes,22,3,82.892,HARD,10.0,1,1.0
RUS,Mercedes,23,3,82.828,HARD,11.0,1,1.0
RUS,Mercedes,24,3,83.466,HARD,12.0,1,1.0
RUS,Mercedes,25,2,82.879,HARD,13.0,1,1.0
RUS,Mercedes,26,2,83.093,HARD,14.0,1,1.0
RUS,Mercedes,27,2,83.188,HARD,15.0,1,1.0
RUS,Mercedes,28,1,83.39,HARD,16.0,1,1.0
RUS,Mercedes,29,1,83.486,HARD,17.0,1,1.0
RUS,Mercedes,30,1,83.272,HARD,18.0,1,1.0
RUS,Mercedes,31,1,83.147,HARD,19.0,1,1.0
RUS,Mercedes,32,1,83.54,HARD,20.0,1,1.0
RUS,Mercedes,33,1,83.838,HARD,21.0,1,1.0
RUS,Mercedes,34,1,97.592,HARD,22.0,167,1.0
RUS,Mercedes,35,1,83.017,HARD,23.0,1,1.0
RUS,Mercedes,36,1,82.729,HARD,24.0,1,1.0
RUS,Mercedes,37,1,82.839,HARD,25.0,1,1.0
RUS,Mercedes,38,1,82.863,HARD,26.0,1,1.0
RUS,Mercedes,39,1,82.738,HARD,27.0,1,1.0
RUS,Mercedes,40,1,82.915,HARD,28.0,1,1.0
RUS,Mercedes,41,1,83.073,HARD,29.0,1,1.0
RUS,Mercedes,42,1,83.054,HARD,30.0,1,1.0
RUS,Mercedes,43,1,82.893,HARD,31.0,1,1.0
RUS,Mercedes,44,1,82.856,HARD,32.0,1,1.0
RUS,Mercedes,45,1,83.477,HARD,33.0,1,1.0
RUS,Mercedes,46,1,83.751,HARD,34.0,1,1.0
RUS,Mercedes,47,1,83.033,HARD,35.0,1,1.0
RUS,Mercedes,48,1,83.034,HARD,36.0,1,1.0
RUS,Mercedes,49,1,82.844,HARD,37.0,1,1.0
RUS,Mercedes,50,1,83.087,HARD,38.0,1,1.0
RUS,Mercedes,51,1,82.762,HARD,39.0,1,1.0
RUS,Mercedes,52,1,83.106,HARD,40.0,1,1.0
RUS,Mercedes,53,1,83.069,HARD,41.0,1,1.0
RUS,Mercedes,54,1,83.1,HARD,42.0,1,1.0
RUS,Mercedes,55,1,82.67,HARD,43.0,1,1.0
RUS,Mercedes,56,1,82.757,HARD,44.0,1,1.0
RUS,Mercedes,57,1,83.188,HARD,45.0,1,1.0
RUS,Mercedes,58,1,83.351,HARD,46.0,1,1.0
ANT,Mercedes,1,7,96.966,MEDIUM,1.0,1,2.0
ANT,Mercedes,2,7,87.129,MEDIUM,2.0,1,2.0
ANT,Mercedes,3,6,85.463,MEDIUM,3.0,1,2.0
ANT,Mercedes,4,6,85.411,MEDIUM,4.0,1,2.0
ANT,Mercedes,5,5,84.499,MEDIUM,5.0,1,2.0
ANT,Mercedes,6,4,84.024,MEDIUM,6.0,1,2.0
ANT,Mercedes,7,4,83.835,MEDIUM,7.0,1,2.0
ANT,Mercedes,8,4,83.683,MEDIUM,8.0,1,2.0
ANT,Mercedes,9,4,83.908,MEDIUM,9.0,1,2.0
ANT,Mercedes,10,4,84.037,MEDIUM,10.0,1,2.0
ANT,Mercedes,11,4,83.89,MEDIUM,11.0,16,2.0
ANT,Mercedes,12,5,129.682,MEDIUM,12.0,6,2.0
ANT,Mercedes,13,5,117.691,HARD,1.0,67,2.0
ANT,Mercedes,14,5,86.679,HARD,2.0,71,2.0
ANT,Mercedes,15,5,83.287,HARD,3.0,1,2.0
ANT,Mercedes,16,4,83.618,HARD,4.0,1,2.0
ANT,Mercedes,17,4,83.26,HARD,5.0,1,2.0
ANT,Mercedes,18,4,90.982,HARD,6.0,126,2.0
ANT,Mercedes,19,4,115.334,HARD,7.0,6,2.0
ANT,Mercedes,20,4,88.479,HARD,8.0,671,2.0
ANT,Mercedes,21,4,82.781,HARD,9.0,1,2.0
ANT,Mercedes,22,4,82.862,HARD,10.0,1,2.0
ANT,Mercedes,23,4,82.582,HARD,11.0,1,2.0
ANT,Mercedes,24,4,83.222,HARD,12.0,1,2.0
ANT,Mercedes,25,3,84.545,HARD,13.0,1,2.0
ANT,Mercedes,26,3,83.138,HARD,14.0,1,2.0
ANT,Mercedes,27,3,83.103,HARD,15.0,1,2.0
ANT,Mercedes,28,2,83.03,HARD,16.0,1,2.0
ANT,Mercedes,29,2,82.968,HARD,17.0,1,2.0
ANT,Mercedes,30,2,82.889,HARD,18.0,1,2.0
ANT,Mercedes,31,2,82.88,HARD,19.0,1,2.0
ANT,Mercedes,32,2,83.239,HARD,20.0,1,2.0
ANT,Mercedes,33,2,83.017,HARD,21.0,1,2.0
ANT,Mercedes,34,2,98.387,HARD,22.0,167,2.0
ANT,Mercedes,35,2,83.292,HARD,23.0,1,2.0
ANT,Mercedes,36,2,82.865,HARD,24.0,1,2.0
ANT,Mercedes,37,2,82.966,HARD,25.0,1,2.0
ANT,Mercedes,38,2,82.989,HARD,26.0,1,2.0
ANT,Mercedes,39,2,82.921,HARD,27.0,1,2.0
ANT,Mercedes,40,2,82.672,HARD,28.0,1,2.0
ANT,Mercedes,41,2,82.928,HARD,29.0,1,2.0
ANT,Mercedes,42,2,82.942,HARD,30.0,1,2.0
ANT,Mercedes,43,2,83.015,HARD,31.0,1,2.0
ANT,Mercedes,44,2,83.079,HARD,32.0,1,2.0
ANT,Mercedes,45,2,83.123,HARD,33.0,1,2.0
ANT,Mercedes,46,2,83.038,HARD,34.0,1,2.0
ANT,Mercedes,47,2,83.066,HARD,35.0,1,2.0
ANT,Mercedes,48,2,82.992,HARD,36.0,1,2.0
ANT,Mercedes,49,2,83.245,HARD,37.0,1,2.0
ANT,Mercedes,50,2,82.903,HARD,38.0,1,2.0
ANT,Mercedes,51,2,82.625,HARD,39.0,1,2.0
ANT,Mercedes,52,2,82.558,HARD,40.0,1,2.0
ANT,Mercedes,53,2,82.613,HARD,41.0,1,2.0
ANT,Mercedes,54,2,82.842,HARD,42.0,1,2.0
ANT,Mercedes,55,2,82.928,HARD,43.0,1,2.0
ANT,Mercedes,56,2,82.603,HARD,44.0,1,2.0
ANT,Mercedes,57,2,82.417,HARD,45.0,1,2.0
ANT,Mercedes,58,2,82.653,HARD,46.0,1,2.0
LEC,Ferrari,1,1,91.929,MEDIUM,1.0,1,3.0
LEC,Ferrari,2,2,86.212,MEDIUM,2.0,1,3.0
LEC,Ferrari,3,1,85.453,MEDIUM,3.0,1,3.0
LEC,Ferrari,4,1,84.553,MEDIUM,4.0,1,3.0
LEC,Ferrari,5,1,83.981,MEDIUM,5.0,1,3.0
LEC,Ferrari,6,1,84.822,MEDIUM,6.0,1,3.0
LEC,Ferrari,7,1,84.034,MEDIUM,7.0,1,3.0
LEC,Ferrari,8,1,85.563,MEDIUM,8.0,1,3.0
LEC,Ferrari,9,1,85.602,MEDIUM,9.0,1,3.0
LEC,Ferrari,10,1,83.977,MEDIUM,10.0,1,3.0
LEC,Ferrari,11,1,83.798,MEDIUM,11.0,1,3.0
LEC,Ferrari,12,1,114.008,MEDIUM,12.0,16,3.0
LEC,Ferrari,13,1,115.178,MEDIUM,13.0,6,3.0
LEC,Ferrari,14,1,90.489,MEDIUM,14.0,671,3.0
LEC,Ferrari,15,1,83.765,MEDIUM,15.0,1,3.0
LEC,Ferrari,16,1,83.511,MEDIUM,16.0,1,3.0
LEC,Ferrari,17,1,84.356,MEDIUM,17.0,1,3.0
LEC,Ferrari,18,1,89.602,MEDIUM,18.0,126,3.0
LEC,Ferrari,19,1,113.653,MEDIUM,19.0,6,3.0
LEC,Ferrari,20,1,93.183,MEDIUM,20.0,671,3.0
LEC,Ferrari,21,1,83.322,MEDIUM,21.0,1,3.0
LEC,Ferrari,22,1,83.416,MEDIUM,22.0,1,3.0
LEC,Ferrari,23,1,83.476,MEDIUM,23.0,1,3.0
LEC,Ferrari,24,1,83.66,MEDIUM,24.0,1,3.0
LEC,Ferrari,25,4,97.834,MEDIUM,25.0,1,3.0
LEC,Ferrari,26,4,89.317,HARD,1.0,1,3.0
LEC,Ferrari,27,4,83.106,HARD,2.0,1,3.0
LEC,Ferrari,28,3,83.089,HARD,3.0,1,3.0
LEC,Ferrari,29,3,82.987,HARD,4.0,1,3.0
LEC,Ferrari,30,3,83.026,HARD,5.0,1,3.0
LEC,Ferrari,31,3,82.934,HARD,6.0,1,3.0
LEC,Ferrari,32,3,82.947,HARD,7.0,1,3.0
LEC,Ferrari,33,3,83.174,HARD,8.0,1,3.0
LEC,Ferrari,34,3,98.516,HARD,9.0,167,3.0
LEC,Ferrari,35,3,83.542,HARD,10.0,1,3.0
LEC,Ferrari,36,3,84.376,HARD,11.0,1,3.0
LEC,Ferrari,37,3,83.236,HARD,12.0,1,3.0
LEC,Ferrari,38,3,82.579,HARD,13.0,1,3.0
LEC,Ferrari,39,3,82.728,HARD,14.0,1,3.0
LEC,Ferrari,40,3,82.93,HARD,15.0,1,3.0
LEC,Ferrari,41,3,82.995,HARD,16.0,1,3.0
LEC,Ferrari,42,3,82.846,HARD,17.0,1,3.0
LEC,Ferrari,43,3,82.75,HARD,18.0,1,3.0
LEC,Ferrari,44,3,83.094,HARD,19.0,1,3.0
LEC,Ferrari,45,3,83.16,HARD,20.0,1,3.0
LEC,Ferrari,46,3,82.894,HARD,21.0,1,3.0
LEC,Ferrari,47,3,82.952,HARD,22.0,1,3.0
LEC,Ferrari,48,3,82.899,HARD,23.0,1,3.0
LEC,Ferrari,49,3,83.364,HARD,24.0,1,3.0
LEC,Ferrari,50,3,83.2,HARD,25.0,1,3.0
LEC,Ferrari,51,3,82.989,HARD,26.0,1,3.0
LEC,Ferrari,52,3,83.049,HARD,27.0,1,3.0
LEC,Ferrari,53,3,83.014,HARD,28.0,1,3.0
LEC,Ferrari,54,3,83.045,HARD,29.0,1,3.0
LEC,Ferrari,55,3,82.825,HARD,30.0,1,3.0
LEC,Ferrari,56,3,82.965,HARD,31.0,1,3.0
LEC,Ferrari,57,3,83.098,HARD,32.0,1,3.0
LEC,Ferrari,58,3,83.317,HARD,33.0,1,3.0
HAM,Ferrari,1,3,95.261,MEDIUM,1.0,1,4.0
HAM,Ferrari,2,3,84.626,MEDIUM,2.0,1,4.0
HAM,Ferrari,3,3,84.874,MEDIUM,3.0,1,4.0
HAM,Ferrari,4,3,85.066,MEDIUM,4.0,1,4.0
HAM,Ferrari,5,3,84.502,MEDIUM,5.0,1,4.0
HAM,Ferrari,6,3,84.703,MEDIUM,6.0,1,4.0
HAM,Ferrari,7,3,84.365,MEDIUM,7.0,1,4.0
HAM,Ferrari,8,3,84.408,MEDIUM,8.0,1,4.0
HAM,Ferrari,9,3,85.844,MEDIUM,9.0,1,4.0
HAM,Ferrari,10,3,84.255,MEDIUM,10.0,1,4.0
HAM,Ferrari,11,3,84.073,MEDIUM,11.0,1,4.0
HAM,Ferrari,12,2,114.958,MEDIUM,12.0,16,4.0
HAM,Ferrari,13,2,116.315,MEDIUM,13.0,6,4.0
HAM,Ferrari,14,2,88.327,MEDIUM,14.0,671,4.0
HAM,Ferrari,15,2,83.703,MEDIUM,15.0,1,4.0
HAM,Ferrari,16,2,83.412,MEDIUM,16.0,1,4.0
HAM,Ferrari,17,2,84.045,MEDIUM,17.0,1,4.0
HAM,Ferrari,18,2,91.597,MEDIUM,18.0,126,4.0
HAM,Ferrari,19,2,113.1,MEDIUM,19.0,6,4.0
HAM,Ferrari,20,2,91.637,MEDIUM,20.0,671,4.0
HAM,Ferrari,21,2,83.617,MEDIUM,21.0,1,4.0
HAM,Ferrari,22,2,83.509,MEDIUM,22.0,1,4.0
HAM,Ferrari,23,2,83.382,MEDIUM,23.0,1,4.0
HAM,Ferrari,24,2,84.329,MEDIUM,24.0,1,4.0
HAM,Ferrari,25,1,83.66,MEDIUM,25.0,1,4.0
HAM,Ferrari,26,1,84.085,MEDIUM,26.0,1,4.0
HAM,Ferrari,27,1,83.76,MEDIUM,27.0,1,4.0
HAM,Ferrari,28,4,99.578,MEDIUM,28.0,1,4.0
HAM,Ferrari,29,4,89.135,HARD,1.0,1,4.0
HAM,Ferrari,30,4,83.474,HARD,2.0,1,4.0
HAM,Ferrari,31,4,83.129,HARD,3.0,1,4.0
HAM,Ferrari,32,4,83.185,HARD,4.0,1,4.0
HAM,Ferrari,33,4,83.775,HARD,5.0,1,4.0
HAM,Ferrari,34,4,98.315,HARD,6.0,167,4.0
HAM,Ferrari,35,4,83.317,HARD,7.0,1,4.0
HAM,Ferrari,36,4,83.338,HARD,8.0,1,4.0
HAM,Ferrari,37,4,83.086,HARD,9.0,1,4.0
HAM,Ferrari,38,4,82.688,HARD,10.0,1,4.0
HAM,Ferrari,39,4,82.536,HARD,11.0,1,4.0
HAM,Ferrari,40,4,82.55,HARD,12.0,1,4.0
HAM,Ferrari,41,4,82.648,HARD,13.0,1,4.0
HAM,Ferrari,42,4,82.636,HARD,14.0,1,4.0
HAM,Ferrari,43,4,82.559,HARD,15.0,1,4.0
HAM,Ferrari,44,4,82.837,HARD,16.0,1,4.0
HAM,Ferrari,45,4,82.529,HARD,17.0,1,4.0
HAM,Ferrari,46,4,82.945,HARD,18.0,1,4.0
HAM,Ferrari,47,4,82.677,HARD,19.0,1,4.0
HAM,Ferrari,48,4,82.764,HARD,20.0,1,4.0
HAM,Ferrari,49,4,82.835,HARD,21.0,1,4.0
HAM,Ferrari,50,4,83.31,HARD,22.0,1,4.0
HAM,Ferrari,51,4,82.683,HARD,23.0,1,4.0
HAM,Ferrari,52,4,83.008,HARD,24.0,1,4.0
HAM,Ferrari,53,4,83.165,HARD,25.0,1,4.0
HAM,Ferrari,54,4,82.554,HARD,26.0,1,4.0
HAM,Ferrari,55,4,82.423,HARD,27.0,1,4.0
HAM,Ferrari,56,4,82.5,HARD,28.0,1,4.0
HAM,Ferrari,57,4,82.716,HARD,29.0,1,4.0
HAM,Ferrari,58,4,82.637,HARD,30.0,1,4.0
NOR,McLaren,1,6,96.458,MEDIUM,1.0,1,5.0
NOR,McLaren,2,6,87.344,MEDIUM,2.0,1,5.0
NOR,McLaren,3,7,86.863,MEDIUM,3.0,1,5.0
NOR,McLaren,4,7,85.857,MEDIUM,4.0,1,5.0
NOR,McLaren,5,7,85.573,MEDIUM,5.0,1,5.0
NOR,McLaren,6,7,85.036,MEDIUM,6.0,1,5.0
NOR,McLaren,7,7,84.978,MEDIUM,7.0,1,5.0
NOR,McLaren,8,7,85.299,MEDIUM,8.0,1,5.0
NOR,McLaren,9,7,85.639,MEDIUM,9.0,1,5.0
NOR,McLaren,10,7,85.295,MEDIUM,10.0,1,5.0
NOR,McLaren,11,9,103.391,MEDIUM,11.0,16,5.0
NOR,McLaren,12,9,118.075,HARD,1.0,6,5.0
NOR,McLaren,13,9,111.932,HARD,2.0,671,5.0
NOR,McLaren,14,9,84.233,HARD,3.0,1,5.0
NOR,McLaren,15,9,83.784,HARD,4.0,1,5.0
NOR,McLaren,16,9,83.912,HARD,5.0,1,5.0
NOR,McLaren,17,9,84.053,HARD,6.0,1,5.0
NOR,McLaren,18,5,95.404,HARD,7.0,126,5.0
NOR,McLaren,19,5,116.07,HARD,8.0,67,5.0
NOR,McLaren,20,5,85.774,HARD,9.0,71,5.0
NOR,McLaren,21,5,83.972,HARD,10.0,1,5.0
NOR,McLaren,22,5,83.687,HARD,11.0,1,5.0
NOR,McLaren,23,5,83.534,HARD,12.0,1,5.0
NOR,McLaren,24,5,83.394,HARD,13.0,1,5.0
NOR,McLaren,25,5,83.5,HARD,14.0,1,5.0
NOR,McLaren,26,5,83.403,HARD,15.0,1,5.0
NOR,McLaren,27,5,83.896,HARD,16.0,1,5.0
NOR,McLaren,28,5,84.04,HARD,17.0,1,5.0
NOR,McLaren,29,5,84.08,HARD,18.0,1,5.0
NOR,McLaren,30,5,83.961,HARD,19.0,1,5.0
NOR,McLaren,31,5,84.094,HARD,20.0,1,5.0
NOR,McLaren,32,5,84.075,HARD,21.0,1,5.0
NOR,McLaren,33,5,84.79,HARD,22.0,1,5.0
NOR,McLaren,34,6,112.732,HARD,23.0,167,5.0
NOR,McLaren,35,8,89.434,MEDIUM,1.0,1,5.0
NOR,McLaren,36,8,83.324,MEDIUM,2.0,1,5.0
NOR,McLaren,37,8,83.448,MEDIUM,3.0,1,5.0
NOR,McLaren,38,7,83.423,MEDIUM,4.0,1,5.0
NOR,McLaren,39,6,84.001,MEDIUM,5.0,1,5.0
NOR,McLaren,40,6,83.397,MEDIUM,6.0,1,5.0
NOR,McLaren,41,6,83.762,MEDIUM,7.0,1,5.0
NOR,McLaren,42,5,83.347,MEDIUM,8.0,1,5.0
NOR,McLaren,43,5,83.286,MEDIUM,9.0,1,5.0
NOR,McLaren,44,5,83.192,MEDIUM,10.0,1,5.0
NOR,McLaren,45,5,82.886,MEDIUM,11.0,1,5.0
NOR,McLaren,46,5,82.908,MEDIUM,12.0,1,5.0
NOR,McLaren,47,5,82.778,MEDIUM,13.0,1,5.0
NOR,McLaren,48,5,82.953,MEDIUM,14.0,1,5.0
NOR,McLaren,49,5,82.804,MEDIUM,15.0,1,5.0
NOR,McLaren,50,5,82.763,MEDIUM,16.0,1,5.0
NOR,McLaren,51,5,82.598,MEDIUM,17.0,1,5.0
NOR,McLaren,52,5,82.784,MEDIUM,18.0,1,5.0
NOR,McLaren,53,5,82.358,MEDIUM,19.0,1,5.0
NOR,McLaren,54,5,82.796,MEDIUM,20.0,1,5.0
NOR,McLaren,55,5,82.867,MEDIUM,21.0,1,5.0
NOR,McLaren,56,5,82.843,MEDIUM,22.0,1,5.0
NOR,McLaren,57,5,83.416,MEDIUM,23.0,1,5.0
NOR,McLaren,58,5,83.046,MEDIUM,24.0,1,5.0
VER,Red Bull Racing,1,16,101.333,HARD,1.0,1,6.0
VER,Red Bull Racing,2,15,86.828,HARD,2.0,1,6.0
VER,Red Bull Racing,3,14,87.096,HARD,3.0,1,6.0
VER,Red Bull Racing,4,13,86.571,HARD,4.0,1,6.0
VER,Red Bull Racing,5,12,84.879,HARD,5.0,1,6.0
VER,Red Bull Racing,6,11,84.968,HARD,6.0,1,6.0
VER,Red Bull Racing,7,11,85.384,HARD,7.0,1,6.0
VER,Red Bull Racing,8,10,84.707,HARD,8.0,1,6.0
VER,Red Bull Racing,9,10,85.071,HARD,9.0,1,6.0
VER,Red Bull Racing,10,9,85.133,HARD,10.0,1,6.0
VER,Red Bull Racing,11,6,91.029,HARD,11.0,16,6.0
VER,Red Bull Racing,12,6,114.214,HARD,12.0,6,6.0
VER,Red Bull Racing,13,6,114.861,HARD,13.0,67,6.0
VER,Red Bull Racing,14,6,86.13,HARD,14.0,71,6.0
VER,Red Bull Racing,15,6,84.098,HARD,15.0,1,6.0
VER,Red Bull Racing,16,6,84.606,HARD,16.0,1,6.0
VER,Red Bull Racing,17,6,84.757,HARD,17.0,1,6.0
VER,Red Bull Racing,18,7,108.547,HARD,18.0,126,6.0
VER,Red Bull Racing,19,7,116.349,MEDIUM,1.0,671,6.0
VER,Red Bull Racing,20,6,83.566,MEDIUM,2.0,1,6.0
VER,Red Bull Racing,21,6,83.536,MEDIUM,3.0,1,6.0
VER,Red Bull Racing,22,6,83.458,MEDIUM,4.0,1,6.0
VER,Red Bull Racing,23,6,83.516,MEDIUM,5.0,1,6.0
VER,Red Bull Racing,24,6,83.472,MEDIUM,6.0,1,6.0
VER,Red Bull Racing,25,6,83.554,MEDIUM,7.0,1,6.0
VER,Red Bull Racing,26,6,83.363,MEDIUM,8.0,1,6.0
VER,Red Bull Racing,27,6,83.74,MEDIUM,9.0,1,6.0
VER,Red Bull Racing,28,6,83.463,MEDIUM,10.0,1,6.0
VER,Red Bull Racing,29,6,83.439,MEDIUM,11.0,1,6.0
VER,Red Bull Racing,30,6,83.39,MEDIUM,12.0,1,6.0
VER,Red Bull Racing,31,6,83.51,MEDIUM,13.0,1,6.0
VER,Red Bull Racing,32,6,83.587,MEDIUM,14.0,1,6.0
VER,Red Bull Racing,33,6,83.93,MEDIUM,15.0,1,6.0
VER,Red Bull Racing,34,5,98.216,MEDIUM,16.0,167,6.0
VER,Red Bull Racing,35,5,84.556,MEDIUM,17.0,1,6.0
VER,Red Bull Racing,36,5,83.967,MEDIUM,18.0,1,6.0
VER,Red Bull Racing,37,5,83.675,MEDIUM,19.0,1,6.0
VER,Red Bull Racing,38,5,83.912,MEDIUM,20.0,1,6.0
VER,Red Bull Racing,39,5,83.715,MEDIUM,21.0,1,6.0
VER,Red Bull Racing,40,5,84.595,MEDIUM,22.0,1,6.0
VER,Red Bull Racing,41,5,98.866,MEDIUM,23.0,1,6.0
VER,Red Bull Racing,42,6,87.991,HARD,1.0,1,6.0
VER,Red Bull Racing,43,6,82.091,HARD,2.0,1,6.0
VER,Red Bull Racing,44,6,82.52,HARD,3.0,1,6.0
VER,Red Bull Racing,45,6,82.453,HARD,4.0,1,6.0
VER,Red Bull Racing,46,6,82.81,HARD,5.0,1,6.0
VER,Red Bull Racing,47,6,82.489,HARD,6.0,1,6.0
VER,Red Bull Racing,48,6,82.906,HARD,7.0,1,6.0
VER,Red Bull Racing,49,6,82.939,HARD,8.0,1,6.0
VER,Red Bull Racing,50,6,82.738,HARD,9.0,1,6.0
VER,Red Bull Racing,51,6,82.69,HARD,10.0,1,6.0
VER,Red Bull Racing,52,6,82.683,HARD,11.0,1,6.0
VER,Red Bull Racing,53,6,83.109,HARD,12.0,1,6.0
VER,Red Bull Racing,54,6,83.09,HARD,13.0,1,6.0
VER,Red Bull Racing,55,6,83.211,HARD,14.0,1,6.0
VER,Red Bull Racing,56,6,83.109,HARD,15.0,1,6.0
VER,Red Bull Racing,57,6,83.469,HARD,16.0,1,6.0
VER,Red Bull Racing,58,6,83.533,HARD,17.0,1,6.0
BEA,Haas F1 Team,1,14,99.765,MEDIUM,1.0,1,7.0
BEA,Haas F1 Team,2,12,87.321,MEDIUM,2.0,1,7.0
BEA,Haas F1 Team,3,11,86.384,MEDIUM,3.0,1,7.0
BEA,Haas F1 Team,4,11,85.92,MEDIUM,4.0,1,7.0
BEA,Haas F1 Team,5,11,86.003,MEDIUM,5.0,1,7.0
BEA,Haas F1 Team,6,10,85.969,MEDIUM,6.0,1,7.0
BEA,Haas F1 Team,7,10,85.195,MEDIUM,7.0,1,7.0
BEA,Haas F1 Team,8,11,86.046,MEDIUM,8.0,1,7.0
BEA,Haas F1 Team,9,11,85.397,MEDIUM,9.0,1,7.0
BEA,Haas F1 Team,10,11,85.668,MEDIUM,10.0,1,7.0
BEA,Haas F1 Team,11,7,91.403,MEDIUM,11.0,16,7.0
BEA,Haas F1 Team,12,7,115.039,MEDIUM,12.0,6,7.0
BEA,Haas F1 Team,13,7,113.783,MEDIUM,13.0,671,7.0
BEA,Haas F1 Team,14,7,85.628,MEDIUM,14.0,1,7.0
BEA,Haas F1 Team,15,7,84.562,MEDIUM,15.0,1,7.0
BEA,Haas F1 Team,16,7,84.563,MEDIUM,16.0,1,7.0
BEA,Haas F1 Team,17,7,84.807,MEDIUM,17.0,1,7.0
BEA,Haas F1 Team,18,8,107.604,MEDIUM,18.0,126,7.0
BEA,Haas F1 Team,19,8,116.677,HARD,1.0,671,7.0
BEA,Haas F1 Team,20,8,85.186,HARD,2.0,1,7.0
BEA,Haas F1 Team,21,8,84.203,HARD,3.0,1,7.0
BEA,Haas F1 Team,22,8,84.02,HARD,4.0,1,7.0
BEA,Haas F1 Team,23,8,84.968,HARD,5.0,1,7.0
BEA,Haas F1 Team,24,8,84.692,HARD,6.0,1,7.0
BEA,Haas F1 Team,25,8,84.058,HARD,7.0,1,7.0
BEA,Haas F1 Team,26,8,84.155,HARD,8.0,1,7.0
BEA,Haas F1 Team,27,8,84.284,HARD,9.0,1,7.0
BEA,Haas F1 Team,28,8,84.216,HARD,10.0,1,7.0
BEA,Haas F1 Team,29,8,85.315,HARD,11.0,1,7.0
BEA,Haas F1 Team,30,8,84.509,HARD,12.0,1,7.0
BEA,Haas F1 Team,31,8,84.627,HARD,13.0,1,7.0
BEA,Haas F1 Team,32,8,85.006,HARD,14.0,1,7.0
BEA,Haas F1 Team,33,8,90.647,HARD,15.0,16,7.0
BEA,Haas F1 Team,34,8,92.31,HARD,16.0,671,7.0
BEA,Haas F1 Team,35,7,84.914,HARD,17.0,1,7.0
BEA,Haas F1 Team,36,7,84.598,HARD,18.0,1,7.0
BEA,Haas F1 Team,37,7,84.5,HARD,19.0,1,7.0
BEA,Haas F1 Team,38,8,85.093,HARD,20.0,1,7.0
BEA,Haas F1 Team,39,8,84.756,HARD,21.0,1,7.0
BEA,Haas F1 Team,40,7,86.988,HARD,22.0,1,7.0
BEA,Haas F1 Team,41,7,85.049,HARD,23.0,1,7.0
BEA,Haas F1 Team,42,7,84.503,HARD,24.0,1,7.0
BEA,Haas F1 Team,43,7,84.549,HARD,25.0,1,7.0
BEA,Haas F1 Team,44,7,84.612,HARD,26.0,1,7.0
BEA,Haas F1 Team,45,7,84.13,HARD,27.0,1,7.0
BEA,Haas F1 Team,46,7,84.55,HARD,28.0,1,7.0
BEA,Haas F1 Team,47,7,84.76,HARD,29.0,1,7.0
BEA,Haas F1 Team,48,7,84.404,HARD,30.0,1,7.0
BEA,Haas F1 Team,49,7,84.281,HARD,31.0,1,7.0
BEA,Haas F1 Team,50,7,84.467,HARD,32.0,1,7.0
BEA,Haas F1 Team,51,7,84.233,HARD,33.0,1,7.0
BEA,Haas F1 Team,52,7,84.264,HARD,34.0,1,7.0
BEA,Haas F1 Team,53,7,84.615,HARD,35.0,1,7.0
BEA,Haas F1 Team,54,7,84.61,HARD,36.0,1,7.0
BEA,Haas F1 Team,55,7,84.5,HARD,37.0,1,7.0
BEA,Haas F1 Team,56,7,86.439,HARD,38.0,1,7.0
BEA,Haas F1 Team,57,7,86.649,HARD,39.0,1,7.0
LIN,Racing Bulls,1,5,96.081,MEDIUM,1.0,1,8.0
LIN,Racing Bulls,2,5,87.218,MEDIUM,2.0,1,8.0
LIN,Racing Bulls,3,5,85.497,MEDIUM,3.0,1,8.0
LIN,Racing Bulls,4,5,86.072,MEDIUM,4.0,1,8.0
LIN,Racing Bulls,5,6,86.235,MEDIUM,5.0,1,8.0
LIN,Racing Bulls,6,6,85.392,MEDIUM,6.0,1,8.0
LIN,Racing Bulls,7,6,85.194,MEDIUM,7.0,1,8.0
LIN,Racing Bulls,8,6,85.26,MEDIUM,8.0,1,8.0
LIN,Racing Bulls,9,6,85.337,MEDIUM,9.0,1,8.0
LIN,Racing Bulls,10,6,85.565,MEDIUM,10.0,1,8.0
LIN,Racing Bulls,11,5,92.238,MEDIUM,11.0,16,8.0
LIN,Racing Bulls,12,4,112.0,MEDIUM,12.0,6,8.0
LIN,Racing Bulls,13,4,114.878,MEDIUM,13.0,67,8.0
LIN,Racing Bulls,14,4,88.161,MEDIUM,14.0,71,8.0
LIN,Racing Bulls,15,4,84.877,MEDIUM,15.0,1,8.0
LIN,Racing Bulls,16,5,85.898,MEDIUM,16.0,1,8.0
LIN,Racing Bulls,17,5,85.096,MEDIUM,17.0,1,8.0
LIN,Racing Bulls,18,6,108.224,MEDIUM,18.0,126,8.0
LIN,Racing Bulls,19,6,117.225,HARD,1.0,671,8.0
LIN,Racing Bulls,20,7,85.424,HARD,2.0,1,8.0
LIN,Racing Bulls,21,7,84.182,HARD,3.0,1,8.0
LIN,Racing Bulls,22,7,84.29,HARD,4.0,1,8.0
LIN,Racing Bulls,23,7,84.909,HARD,5.0,1,8.0
LIN,Racing Bulls,24,7,84.554,HARD,6.0,1,8.0
LIN,Racing Bulls,25,7,84.263,HARD,7.0,1,8.0
LIN,Racing Bulls,26,7,84.205,HARD,8.0,1,8.0
LIN,Racing Bulls,27,7,84.361,HARD,9.0,1,8.0
LIN,Racing Bulls,28,7,84.475,HARD,10.0,1,8.0
LIN,Racing Bulls,29,7,84.916,HARD,11.0,1,8.0
LIN,Racing Bulls,30,7,84.282,HARD,12.0,1,8.0
LIN,Racing Bulls,31,7,84.876,HARD,13.0,1,8.0
LIN,Racing Bulls,32,7,84.671,HARD,14.0,1,8.0
LIN,Racing Bulls,33,7,89.426,HARD,15.0,16,8.0
LIN,Racing Bulls,34,7,93.812,HARD,16.0,671,8.0
LIN,Racing Bulls,35,6,84.536,HARD,17.0,1,8.0
LIN,Racing Bulls,36,6,84.698,HARD,18.0,1,8.0
LIN,Racing Bulls,37,6,84.523,HARD,19.0,1,8.0
LIN,Racing Bulls,38,6,84.797,HARD,20.0,1,8.0
LIN,Racing Bulls,39,7,85.955,HARD,21.0,1,8.0
LIN,Racing Bulls,40,8,88.242,HARD,22.0,1,8.0
LIN,Racing Bulls,41,8,85.406,HARD,23.0,1,8.0
LIN,Racing Bulls,42,8,85.409,HARD,24.0,1,8.0
LIN,Racing Bulls,43,8,84.862,HARD,25.0,1,8.0
LIN,Racing Bulls,44,8,84.747,HARD,26.0,1,8.0
LIN,Racing Bulls,45,8,84.645,HARD,27.0,1,8.0
LIN,Racing Bulls,46,8,84.688,HARD,28.0,1,8.0
LIN,Racing Bulls,47,8,84.773,HARD,29.0,1,8.0
LIN,Racing Bulls,48,8,84.863,HARD,30.0,1,8.0
LIN,Racing Bulls,49,8,84.774,HARD,31.0,1,8.0
LIN,Racing Bulls,50,8,84.715,HARD,32.0,1,8.0
LIN,Racing Bulls,51,8,84.374,HARD,33.0,1,8.0
LIN,Racing Bulls,52,8,85.21,HARD,34.0,1,8.0
LIN,Racing Bulls,53,8,86.148,HARD,35.0,1,8.0
LIN,Racing Bulls,54,8,88.167,HARD,36.0,1,8.0
LIN,Racing Bulls,55,8,84.614,HARD,37.0,1,8.0
LIN,Racing Bulls,56,8,84.688,HARD,38.0,1,8.0
LIN,Racing Bulls,57,8,84.689,HARD,39.0,1,8.0
BOR,Audi,1,11,98.755,MEDIUM,1.0,1,9.0
BOR,Audi,2,11,87.538,MEDIUM,2.0,1,9.0
BOR,Audi,3,10,86.324,MEDIUM,3.0,1,9.0
BOR,Audi,4,10,86.032,MEDIUM,4.0,1,9.0
BOR,Audi,5,10,86.327,MEDIUM,5.0,1,9.0
BOR,Audi,6,12,87.463,MEDIUM,6.0,1,9.0
BOR,Audi,7,12,85.785,MEDIUM,7.0,1,9.0
BOR,Audi,8,12,85.47,MEDIUM,8.0,1,9.0
BOR,Audi,9,12,85.224,MEDIUM,9.0,1,9.0
BOR,Audi,10,12,85.561,MEDIUM,10.0,1,9.0
BOR,Audi,11,8,91.862,MEDIUM,11.0,16,9.0
BOR,Audi,12,8,114.364,MEDIUM,12.0,6,9.0
BOR,Audi,13,8,114.445,MEDIUM,13.0,671,9.0
BOR,Audi,14,8,85.958,MEDIUM,14.0,1,9.0
BOR,Audi,15,8,84.819,MEDIUM,15.0,1,9.0
BOR,Audi,16,8,84.98,MEDIUM,16.0,1,9.0
BOR,Audi,17,8,85.061,MEDIUM,17.0,1,9.0
BOR,Audi,18,9,110.359,MEDIUM,18.0,126,9.0
BOR,Audi,19,11,115.679,HARD,1.0,671,9.0
BOR,Audi,20,9,85.201,HARD,2.0,1,9.0
BOR,Audi,21,9,85.044,HARD,3.0,1,9.0
BOR,Audi,22,9,84.428,HARD,4.0,1,9.0
BOR,Audi,23,9,84.335,HARD,5.0,1,9.0
BOR,Audi,24,9,84.327,HARD,6.0,1,9.0
BOR,Audi,25,9,84.37,HARD,7.0,1,9.0
BOR,Audi,26,9,84.533,HARD,8.0,1,9.0
BOR,Audi,27,9,84.535,HARD,9.0,1,9.0
BOR,Audi,28,9,84.44,HARD,10.0,1,9.0
BOR,Audi,29,9,84.694,HARD,11.0,1,9.0
BOR,Audi,30,9,84.364,HARD,12.0,1,9.0
BOR,Audi,31,9,84.153,HARD,13.0,1,9.0
BOR,Audi,32,9,83.978,HARD,14.0,1,9.0
BOR,Audi,33,11,104.235,HARD,15.0,16,9.0
BOR,Audi,34,11,93.286,HARD,1.0,671,9.0
BOR,Audi,35,11,83.954,HARD,2.0,1,9.0
BOR,Audi,36,11,83.655,HARD,3.0,1,9.0
BOR,Audi,37,11,83.732,HARD,4.0,1,9.0
BOR,Audi,38,11,85.119,HARD,5.0,1,9.0
BOR,Audi,39,10,84.83,HARD,6.0,1,9.0
BOR,Audi,40,9,84.696,HARD,7.0,1,9.0
BOR,Audi,41,9,84.47,HARD,8.0,1,9.0
BOR,Audi,42,9,83.803,HARD,9.0,1,9.0
BOR,Audi,43,9,83.643,HARD,10.0,1,9.0
BOR,Audi,44,9,83.736,HARD,11.0,1,9.0
BOR,Audi,45,9,83.257,HARD,12.0,1,9.0
BOR,Audi,46,9,83.346,HARD,13.0,1,9.0
BOR,Audi,47,9,83.976,HARD,14.0,1,9.0
BOR,Audi,48,9,85.008,HARD,15.0,1,9.0
BOR,Audi,49,9,84.889,HARD,16.0,1,9.0
BOR,Audi,50,9,84.324,HARD,17.0,1,9.0
BOR,Audi,51,9,85.635,HARD,18.0,1,9.0
BOR,Audi,52,9,84.359,HARD,19.0,1,9.0
BOR,Audi,53,9,86.063,HARD,20.0,1,9.0
BOR,Audi,54,9,84.548,HARD,21.0,1,9.0
BOR,Audi,55,9,85.268,HARD,22.0,1,9.0
BOR,Audi,56,9,84.515,HARD,23.0,1,9.0
BOR,Audi,57,9,84.821,HARD,24.0,1,9.0
GAS,Alpine,1,9,97.98,MEDIUM,1.0,1,10.0
GAS,Alpine,2,9,87.281,MEDIUM,2.0,1,10.0
GAS,Alpine,3,9,86.371,MEDIUM,3.0,1,10.0
GAS,Alpine,4,9,85.894,MEDIUM,4.0,1,10.0
GAS,Alpine,5,9,87.04,MEDIUM,5.0,1,10.0
GAS,Alpine,6,9,85.989,MEDIUM,6.0,1,10.0
GAS,Alpine,7,9,85.079,MEDIUM,7.0,1,10.0
GAS,Alpine,8,9,84.964,MEDIUM,8.0,1,10.0
GAS,Alpine,9,9,85.441,MEDIUM,9.0,1,10.0
GAS,Alpine,10,10,86.669,MEDIUM,10.0,1,10.0
GAS,Alpine,11,12,104.821,MEDIUM,11.0,16,10.0
GAS,Alpine,12,11,118.072,HARD,1.0,6,10.0
GAS,Alpine,13,11,111.634,HARD,2.0,671,10.0
GAS,Alpine,14,11,85.748,HARD,3.0,1,10.0
GAS,Alpine,15,11,84.823,HARD,4.0,1,10.0
GAS,Alpine,16,11,84.69,HARD,5.0,1,10.0
GAS,Alpine,17,11,85.203,HARD,6.0,1,10.0
GAS,Alpine,18,11,101.225,HARD,7.0,126,10.0
GAS,Alpine,19,10,112.95,HARD,8.0,671,10.0
GAS,Alpine,20,11,86.578,HARD,9.0,1,10.0
GAS,Alpine,21,10,85.678,HARD,10.0,1,10.0
GAS,Alpine,22,10,84.586,HARD,11.0,1,10.0
GAS,Alpine,23,10,84.499,HARD,12.0,1,10.0
GAS,Alpine,24,10,84.852,HARD,13.0,1,10.0
GAS,Alpine,25,10,84.54,HARD,14.0,1,10.0
GAS,Alpine,26,10,84.771,HARD,15.0,1,10.0
GAS,Alpine,27,10,84.661,HARD,16.0,1,10.0
GAS,Alpine,28,10,84.795,HARD,17.0,1,10.0
GAS,Alpine,29,10,85.096,HARD,18.0,1,10.0
GAS,Alpine,30,10,85.242,HARD,19.0,1,10.0
GAS,Alpine,31,10,85.271,HARD,20.0,1,10.0
GAS,Alpine,32,10,85.202,HARD,21.0,1,10.0
GAS,Alpine,33,9,92.276,HARD,22.0,16,10.0
GAS,Alpine,34,9,91.244,HARD,23.0,671,10.0
GAS,Alpine,35,9,85.029,HARD,24.0,1,10.0
GAS,Alpine,36,9,85.177,HARD,25.0,1,10.0
GAS,Alpine,37,10,86.333,HARD,26.0,1,10.0
GAS,Alpine,38,9,86.094,HARD,27.0,1,10.0
GAS,Alpine,39,9,85.265,HARD,28.0,1,10.0
GAS,Alpine,40,10,86.132,HARD,29.0,1,10.0
GAS,Alpine,41,10,85.319,HARD,30.0,1,10.0
GAS,Alpine,42,10,84.879,HARD,31.0,1,10.0
GAS,Alpine,43,10,84.977,HARD,32.0,1,10.0
GAS,Alpine,44,10,85.028,HARD,33.0,1,10.0
GAS,Alpine,45,10,87.175,HARD,34.0,1,10.0
GAS,Alpine,46,10,85.353,HARD,35.0,1,10.0
GAS,Alpine,47,10,86.497,HARD,36.0,1,10.0
GAS,Alpine,48,10,84.982,HARD,37.0,1,10.0
GAS,Alpine,49,10,85.281,HARD,38.0,1,10.0
GAS,Alpine,50,10,84.927,HARD,39.0,1,10.0
GAS,Alpine,51,10,86.46,HARD,40.0,1,10.0
GAS,Alpine,52,10,86.527,HARD,41.0,1,10.0
GAS,Alpine,53,10,84.79,HARD,42.0,1,10.0
GAS,Alpine,54,10,84.52,HARD,43.0,1,10.0
GAS,Alpine,55,10,84.595,HARD,44.0,1,10.0
GAS,Alpine,56,10,84.486,HARD,45.0,1,10.0
GAS,Alpine,57,10,84.837,HARD,46.0,1,10.0
OCO,Haas F1 Team,1,8,97.5,MEDIUM,1.0,1,11.0
OCO,Haas F1 Team,2,8,87.035,MEDIUM,2.0,1,11.0
OCO,Haas F1 Team,3,8,86.567,MEDIUM,3.0,1,11.0
OCO,Haas F1 Team,4,8,86.186,MEDIUM,4.0,1,11.0
OCO,Haas F1 Team,5,8,86.808,MEDIUM,5.0,1,11.0
OCO,Haas F1 Team,6,8,85.569,MEDIUM,6.0,1,11.0
OCO,Haas F1 Team,7,8,85.087,MEDIUM,7.0,1,11.0
OCO,Haas F1 Team,8,8,85.029,MEDIUM,8.0,1,11.0
OCO,Haas F1 Team,9,8,85.552,MEDIUM,9.0,1,11.0
OCO,Haas F1 Team,10,8,85.632,MEDIUM,10.0,1,11.0
OCO,Haas F1 Team,11,11,105.949,MEDIUM,11.0,16,11.0
OCO,Haas F1 Team,12,10,116.405,HARD,1.0,6,11.0
OCO,Haas F1 Team,13,10,112.218,HARD,2.0,671,11.0
OCO,Haas F1 Team,14,10,85.303,HARD,3.0,1,11.0
OCO,Haas F1 Team,15,10,85.36,HARD,4.0,1,11.0
OCO,Haas F1 Team,16,10,85.43,HARD,5.0,1,11.0
OCO,Haas F1 Team,17,10,85.716,HARD,6.0,1,11.0
OCO,Haas F1 Team,18,10,101.381,HARD,7.0,126,11.0
OCO,Haas F1 Team,19,9,112.711,HARD,8.0,671,11.0
OCO,Haas F1 Team,20,10,86.713,HARD,9.0,1,11.0
OCO,Haas F1 Team,21,11,86.571,HARD,10.0,1,11.0
OCO,Haas F1 Team,22,11,84.821,HARD,11.0,1,11.0
OCO,Haas F1 Team,23,11,84.65,HARD,12.0,1,11.0
OCO,Haas F1 Team,24,11,85.255,HARD,13.0,1,11.0
OCO,Haas F1 Team,25,11,84.424,HARD,14.0,1,11.0
OCO,Haas F1 Team,26,11,84.696,HARD,15.0,1,11.0
OCO,Haas F1 Team,27,11,84.801,HARD,16.0,1,11.0
OCO,Haas F1 Team,28,11,84.737,HARD,17.0,1,11.0
OCO,Haas F1 Team,29,11,84.769,HARD,18.0,1,11.0
OCO,Haas F1 Team,30,11,84.966,HARD,19.0,1,11.0
OCO,Haas F1 Team,31,11,85.307,HARD,20.0,1,11.0
OCO,Haas F1 Team,32,11,85.045,HARD,21.0,1,11.0
OCO,Haas F1 Team,33,10,93.284,HARD,22.0,16,11.0
OCO,Haas F1 Team,34,10,90.235,HARD,23.0,671,11.0
OCO,Haas F1 Team,35,10,85.199,HARD,24.0,1,11.0
OCO,Haas F1 Team,36,10,85.018,HARD,25.0,1,11.0
OCO,Haas F1 Team,37,9,85.462,HARD,26.0,1,11.0
OCO,Haas F1 Team,38,10,86.972,HARD,27.0,1,11.0
OCO,Haas F1 Team,39,11,85.913,HARD,28.0,1,11.0
OCO,Haas F1 Team,40,11,85.433,HARD,29.0,1,11.0
OCO,Haas F1 Team,41,11,85.164,HARD,30.0,1,11.0
OCO,Haas F1 Team,42,11,85.249,HARD,31.0,1,11.0
OCO,Haas F1 Team,43,11,85.106,HARD,32.0,1,11.0
OCO,Haas F1 Team,44,11,86.597,HARD,33.0,1,11.0
OCO,Haas F1 Team,45,11,85.228,HARD,34.0,1,11.0
OCO,Haas F1 Team,46,11,86.221,HARD,35.0,1,11.0
OCO,Haas F1 Team,47,11,86.334,HARD,36.0,1,11.0
OCO,Haas F1 Team,48,11,85.019,HARD,37.0,1,11.0
OCO,Haas F1 Team,49,11,85.115,HARD,38.0,1,11.0
OCO,Haas F1 Team,50,11,86.815,HARD,39.0,1,11.0
OCO,Haas F1 Team,51,11,86.297,HARD,40.0,1,11.0
OCO,Haas F1 Team,52,11,84.584,HARD,41.0,1,11.0
OCO,Haas F1 Team,53,11,84.622,HARD,42.0,1,11.0
OCO,Haas F1 Team,54,11,84.908,HARD,43.0,1,11.0
OCO,Haas F1 Team,55,11,84.577,HARD,44.0,1,11.0
OCO,Haas F1 Team,56,11,84.533,HARD,45.0,1,11.0
OCO,Haas F1 Team,57,11,84.573,HARD,46.0,1,11.0
ALB,Williams,1,12,99.376,MEDIUM,1.0,1,12.0
ALB,Williams,2,13,87.78,MEDIUM,2.0,1,12.0
ALB,Williams,3,13,87.512,MEDIUM,3.0,1,12.0
ALB,Williams,4,14,87.911,MEDIUM,4.0,1,12.0
ALB,Williams,5,13,87.176,MEDIUM,5.0,1,12.0
ALB,Williams,6,13,86.436,MEDIUM,6.0,1,12.0
ALB,Williams,7,13,85.688,MEDIUM,7.0,1,12.0
ALB,Williams,8,13,85.558,MEDIUM,8.0,1,12.0
ALB,Williams,9,13,85.728,MEDIUM,9.0,1,12.0
ALB,Williams,10,13,86.03,MEDIUM,10.0,1,12.0
ALB,Williams,11,10,93.98,MEDIUM,11.0,16,12.0
ALB,Williams,12,12,125.578,MEDIUM,12.0,6,12.0
ALB,Williams,13,12,112.348,HARD,1.0,671,12.0
ALB,Williams,14,12,85.379,HARD,2.0,1,12.0
ALB,Williams,15,12,85.035,HARD,3.0,1,12.0
ALB,Williams,16,13,88.434,HARD,4.0,1,12.0
ALB,Williams,17,13,85.662,HARD,5.0,1,12.0
ALB,Williams,18,13,104.028,HARD,6.0,126,12.0
ALB,Williams,19,13,109.476,HARD,7.0,671,12.0
ALB,Williams,20,13,85.041,HARD,8.0,1,12.0
ALB,Williams,21,13,85.065,HARD,9.0,1,12.0
ALB,Williams,22,13,85.297,HARD,10.0,1,12.0
ALB,Williams,23,13,85.258,HARD,11.0,1,12.0
ALB,Williams,24,13,85.334,HARD,12.0,1,12.0
ALB,Williams,25,13,85.569,HARD,13.0,1,12.0
ALB,Williams,26,13,85.782,HARD,14.0,1,12.0
ALB,Williams,27,13,85.734,HARD,15.0,1,12.0
ALB,Williams,28,13,86.642,HARD,16.0,1,12.0
ALB,Williams,29,12,86.614,HARD,17.0,1,12.0
ALB,Williams,30,12,86.472,HARD,18.0,1,12.0
ALB,Williams,31,12,86.523,HARD,19.0,1,12.0
ALB,Williams,32,12,86.459,HARD,20.0,1,12.0
ALB,Williams,33,12,110.03,HARD,21.0,167,12.0
ALB,Williams,34,12,90.918,SOFT,1.0,1,12.0
ALB,Williams,35,12,84.446,SOFT,2.0,1,12.0
ALB,Williams,36,12,84.375,SOFT,3.0,1,12.0
ALB,Williams,37,12,85.052,SOFT,4.0,1,12.0
ALB,Williams,38,12,86.338,SOFT,5.0,1,12.0
ALB,Williams,39,12,84.858,SOFT,6.0,1,12.0
ALB,Williams,40,12,86.672,SOFT,7.0,1,12.0
ALB,Williams,41,12,84.876,SOFT,8.0,1,12.0
ALB,Williams,42,12,84.858,SOFT,9.0,1,12.0
ALB,Williams,43,12,84.956,SOFT,10.0,1,12.0
ALB,Williams,44,12,84.841,SOFT,11.0,1,12.0
ALB,Williams,45,12,84.702,SOFT,12.0,1,12.0
ALB,Williams,46,12,84.777,SOFT,13.0,1,12.0
ALB,Williams,47,12,84.815,SOFT,14.0,1,12.0
ALB,Williams,48,12,84.773,SOFT,15.0,1,12.0
ALB,Williams,49,12,84.785,SOFT,16.0,1,12.0
ALB,Williams,50,12,84.856,SOFT,17.0,1,12.0
ALB,Williams,51,12,84.749,SOFT,18.0,1,12.0
ALB,Williams,52,12,84.764,SOFT,19.0,1,12.0
ALB,Williams,53,12,85.019,SOFT,20.0,1,12.0
ALB,Williams,54,12,84.861,SOFT,21.0,1,12.0
ALB,Williams,55,12,84.995,SOFT,22.0,1,12.0
ALB,Williams,56,12,86.387,SOFT,23.0,1,12.0
ALB,Williams,57,12,86.268,SOFT,24.0,1,12.0
LAW,Racing Bulls,1,18,102.188,MEDIUM,1.0,1,13.0
LAW,Racing Bulls,2,17,88.537,MEDIUM,2.0,1,13.0
LAW,Racing Bulls,3,17,86.869,MEDIUM,3.0,1,13.0
LAW,Racing Bulls,4,17,86.661,MEDIUM,4.0,1,13.0
LAW,Racing Bulls,5,17,87.142,MEDIUM,5.0,1,13.0
LAW,Racing Bulls,6,17,87.96,MEDIUM,6.0,1,13.0
LAW,Racing Bulls,7,16,86.644,MEDIUM,7.0,1,13.0
LAW,Racing Bulls,8,16,85.888,MEDIUM,8.0,1,13.0
LAW,Racing Bulls,9,15,86.025,MEDIUM,9.0,1,13.0
LAW,Racing Bulls,10,15,85.751,MEDIUM,10.0,1,13.0
LAW,Racing Bulls,11,16,110.026,MEDIUM,11.0,16,13.0
LAW,Racing Bulls,12,15,130.384,HARD,1.0,6,13.0
LAW,Racing Bulls,13,15,95.45,HARD,2.0,671,13.0
LAW,Racing Bulls,14,15,85.233,HARD,3.0,1,13.0
LAW,Racing Bulls,15,15,86.791,HARD,4.0,1,13.0
LAW,Racing Bulls,16,14,89.919,HARD,5.0,1,13.0
LAW,Racing Bulls,17,14,85.839,HARD,6.0,1,13.0
LAW,Racing Bulls,18,14,108.965,HARD,7.0,126,13.0
LAW,Racing Bulls,19,14,105.808,HARD,8.0,671,13.0
LAW,Racing Bulls,20,14,85.068,HARD,9.0,1,13.0
LAW,Racing Bulls,21,14,84.91,HARD,10.0,1,13.0
LAW,Racing Bulls,22,14,85.041,HARD,11.0,1,13.0
LAW,Racing Bulls,23,14,85.074,HARD,12.0,1,13.0
LAW,Racing Bulls,24,14,86.526,HARD,13.0,1,13.0
LAW,Racing Bulls,25,14,85.255,HARD,14.0,1,13.0
LAW,Racing Bulls,26,14,84.972,HARD,15.0,1,13.0
LAW,Racing Bulls,27,14,85.173,HARD,16.0,1,13.0
LAW,Racing Bulls,28,14,85.377,HARD,17.0,1,13.0
LAW,Racing Bulls,29,14,85.253,HARD,18.0,1,13.0
LAW,Racing Bulls,30,14,85.65,HARD,19.0,1,13.0
LAW,Racing Bulls,31,14,85.792,HARD,20.0,1,13.0
LAW,Racing Bulls,32,14,85.867,HARD,21.0,1,13.0
LAW,Racing Bulls,33,13,114.107,HARD,22.0,167,13.0
LAW,Racing Bulls,34,14,90.927,SOFT,1.0,1,13.0
LAW,Racing Bulls,35,14,84.21,SOFT,2.0,1,13.0
LAW,Racing Bulls,36,14,86.728,SOFT,3.0,1,13.0
LAW,Racing Bulls,37,13,85.74,SOFT,4.0,1,13.0
LAW,Racing Bulls,38,13,84.423,SOFT,5.0,1,13.0
LAW,Racing Bulls,39,13,84.124,SOFT,6.0,1,13.0
LAW,Racing Bulls,40,13,84.077,SOFT,7.0,1,13.0
LAW,Racing Bulls,41,13,83.92,SOFT,8.0,1,13.0
LAW,Racing Bulls,42,13,84.048,SOFT,9.0,1,13.0
LAW,Racing Bulls,43,13,84.232,SOFT,10.0,1,13.0
LAW,Racing Bulls,44,13,84.071,SOFT,11.0,1,13.0
LAW,Racing Bulls,45,13,84.31,SOFT,12.0,1,13.0
LAW,Racing Bulls,46,13,84.023,SOFT,13.0,1,13.0
LAW,Racing Bulls,47,13,83.783,SOFT,14.0,1,13.0
LAW,Racing Bulls,48,13,84.222,SOFT,15.0,1,13.0
LAW,Racing Bulls,49,13,83.932,SOFT,16.0,1,13.0
LAW,Racing Bulls,50,13,83.912,SOFT,17.0,1,13.0
LAW,Racing Bulls,51,13,84.46,SOFT,18.0,1,13.0
LAW,Racing Bulls,52,13,84.665,SOFT,19.0,1,13.0
LAW,Racing Bulls,53,13,85.162,SOFT,20.0,1,13.0
LAW,Racing Bulls,54,13,84.525,SOFT,21.0,1,13.0
LAW,Racing Bulls,55,13,85.123,SOFT,22.0,1,13.0
LAW,Racing Bulls,56,13,86.895,SOFT,23.0,1,13.0
LAW,Racing Bulls,57,13,86.317,SOFT,24.0,1,13.0
COL,Alpine,1,17,101.613,HARD,1.0,1,14.0
COL,Alpine,2,16,88.166,HARD,2.0,1,14.0
COL,Alpine,3,16,86.935,HARD,3.0,1,14.0
COL,Alpine,4,16,86.812,HARD,4.0,1,14.0
COL,Alpine,5,16,87.512,HARD,5.0,1,14.0
COL,Alpine,6,15,87.513,HARD,6.0,1,14.0
COL,Alpine,7,15,86.068,HARD,7.0,1,14.0
COL,Alpine,8,15,85.818,HARD,8.0,1,14.0
COL,Alpine,9,20,109.931,HARD,9.0,1,14.0
COL,Alpine,10,20,92.762,HARD,10.0,1,14.0
COL,Alpine,11,18,105.807,HARD,11.0,16,14.0
COL,Alpine,12,17,123.67,HARD,12.0,6,14.0
COL,Alpine,13,16,93.872,HARD,13.0,671,14.0
COL,Alpine,14,16,86.663,HARD,14.0,1,14.0
COL,Alpine,15,16,85.6,HARD,15.0,1,14.0
COL,Alpine,16,16,85.911,HARD,16.0,1,14.0
COL,Alpine,17,16,85.708,HARD,17.0,12,14.0
COL,Alpine,18,15,112.961,HARD,18.0,26,14.0
COL,Alpine,19,15,101.676,HARD,19.0,671,14.0
COL,Alpine,20,15,85.331,HARD,20.0,1,14.0
COL,Alpine,21,15,84.932,HARD,21.0,1,14.0
COL,Alpine,22,15,85.011,HARD,22.0,1,14.0
COL,Alpine,23,15,85.136,HARD,23.0,1,14.0
COL,Alpine,24,15,85.449,HARD,24.0,1,14.0
COL,Alpine,25,15,85.225,HARD,25.0,1,14.0
COL,Alpine,26,15,85.174,HARD,26.0,1,14.0
COL,Alpine,27,15,85.626,HARD,27.0,1,14.0
COL,Alpine,28,15,86.172,HARD,28.0,1,14.0
COL,Alpine,29,15,86.483,HARD,29.0,1,14.0
COL,Alpine,30,15,85.566,HARD,30.0,1,14.0
COL,Alpine,31,15,87.26,HARD,31.0,1,14.0
COL,Alpine,32,15,85.707,HARD,32.0,1,14.0
COL,Alpine,33,15,100.541,HARD,33.0,167,14.0
COL,Alpine,34,13,86.067,HARD,34.0,1,14.0
COL,Alpine,35,13,85.633,HARD,35.0,1,14.0
COL,Alpine,36,13,87.434,HARD,36.0,1,14.0
COL,Alpine,37,14,87.047,HARD,37.0,1,14.0
COL,Alpine,38,14,87.012,HARD,38.0,1,14.0
COL,Alpine,39,14,86.964,HARD,39.0,1,14.0
COL,Alpine,40,14,86.665,HARD,40.0,1,14.0
COL,Alpine,41,14,86.469,HARD,41.0,1,14.0
COL,Alpine,42,14,85.275,HARD,42.0,1,14.0
COL,Alpine,43,14,85.381,HARD,43.0,1,14.0
COL,Alpine,44,14,85.24,HARD,44.0,1,14.0
COL,Alpine,45,14,84.939,HARD,45.0,1,14.0
COL,Alpine,46,14,102.911,HARD,46.0,1,14.0
COL,Alpine,47,14,90.309,SOFT,1.0,1,14.0
COL,Alpine,48,14,82.926,SOFT,2.0,1,14.0
COL,Alpine,49,14,83.259,SOFT,3.0,1,14.0
COL,Alpine,50,14,83.721,SOFT,4.0,1,14.0
COL,Alpine,51,14,85.633,SOFT,5.0,1,14.0
COL,Alpine,52,14,85.151,SOFT,6.0,1,14.0
COL,Alpine,53,14,87.12,SOFT,7.0,1,14.0
COL,Alpine,54,14,83.988,SOFT,8.0,1,14.0
COL,Alpine,55,14,83.912,SOFT,9.0,1,14.0
COL,Alpine,56,14,83.621,SOFT,10.0,1,14.0
SAI,Williams,1,13,99.815,SOFT,1.0,1,15.0
SAI,Williams,2,14,87.98,SOFT,2.0,1,15.0
SAI,Williams,3,15,88.093,SOFT,3.0,1,15.0
SAI,Williams,4,15,87.216,SOFT,4.0,1,15.0
SAI,Williams,5,15,87.511,SOFT,5.0,1,15.0
SAI,Williams,6,14,86.872,SOFT,6.0,1,15.0
SAI,Williams,7,14,85.698,SOFT,7.0,1,15.0
SAI,Williams,8,14,85.433,SOFT,8.0,1,15.0
SAI,Williams,9,14,85.826,SOFT,9.0,1,15.0
SAI,Williams,10,14,86.202,SOFT,10.0,1,15.0
SAI,Williams,11,13,106.912,SOFT,11.0,16,15.0
SAI,Williams,12,13,116.846,HARD,1.0,6,15.0
SAI,Williams,13,13,108.341,HARD,2.0,671,15.0
SAI,Williams,14,13,84.927,HARD,3.0,1,15.0
SAI,Williams,15,13,84.824,HARD,4.0,1,15.0
SAI,Williams,16,12,84.94,HARD,5.0,1,15.0
SAI,Williams,17,12,85.151,HARD,6.0,1,15.0
SAI,Williams,18,12,102.82,HARD,7.0,126,15.0
SAI,Williams,19,12,110.08,HARD,8.0,671,15.0
SAI,Williams,20,12,85.394,HARD,9.0,1,15.0
SAI,Williams,21,12,85.409,HARD,10.0,1,15.0
SAI,Williams,22,12,85.37,HARD,11.0,1,15.0
SAI,Williams,23,12,85.6,HARD,12.0,1,15.0
SAI,Williams,24,12,85.704,HARD,13.0,1,15.0
SAI,Williams,25,12,86.122,HARD,14.0,1,15.0
SAI,Williams,26,12,86.141,HARD,15.0,1,15.0
SAI,Williams,27,12,86.124,HARD,16.0,1,15.0
SAI,Williams,28,12,86.796,HARD,17.0,1,15.0
SAI,Williams,29,13,88.049,HARD,18.0,1,15.0
SAI,Williams,30,13,87.095,HARD,19.0,1,15.0
SAI,Williams,31,13,86.639,HARD,20.0,1,15.0
SAI,Williams,32,13,87.386,HARD,21.0,1,15.0
SAI,Williams,33,14,119.861,HARD,22.0,167,15.0
SAI,Williams,34,15,93.021,MEDIUM,1.0,1,15.0
SAI,Williams,35,15,84.881,MEDIUM,2.0,1,15.0
SAI,Williams,36,15,84.804,MEDIUM,3.0,1,15.0
SAI,Williams,37,15,85.21,MEDIUM,4.0,1,15.0
SAI,Williams,38,15,87.205,MEDIUM,5.0,1,15.0
SAI,Williams,39,15,87.266,MEDIUM,6.0,1,15.0
SAI,Williams,40,15,86.222,MEDIUM,7.0,1,15.0
SAI,Williams,41,15,86.717,MEDIUM,8.0,1,15.0
SAI,Williams,42,15,85.361,MEDIUM,9.0,1,15.0
SAI,Williams,43,15,85.287,MEDIUM,10.0,1,15.0
SAI,Williams,44,15,85.529,MEDIUM,11.0,1,15.0
SAI,Williams,45,15,116.391,MEDIUM,12.0,1,15.0
SAI,Williams,46,15,91.589,SOFT,1.0,1,15.0
SAI,Williams,47,15,96.209,SOFT,2.0,1,15.0
SAI,Williams,48,15,84.977,SOFT,3.0,1,15.0
SAI,Williams,49,15,83.922,SOFT,4.0,1,15.0
SAI,Williams,50,15,83.6,SOFT,5.0,1,15.0
SAI,Williams,51,15,83.87,SOFT,6.0,1,15.0
SAI,Williams,52,15,83.59,SOFT,7.0,1,15.0
SAI,Williams,53,15,87.961,SOFT,8.0,1,15.0
SAI,Williams,54,15,84.266,SOFT,9.0,1,15.0
SAI,Williams,55,15,83.809,SOFT,10.0,1,15.0
SAI,Williams,56,15,84.823,SOFT,11.0,1,15.0
PER,Cadillac,1,19,102.557,MEDIUM,1.0,1,16.0
PER,Cadillac,2,19,88.763,MEDIUM,2.0,1,16.0
PER,Cadillac,3,18,88.094,MEDIUM,3.0,1,16.0
PER,Cadillac,4,18,87.222,MEDIUM,4.0,1,16.0
PER,Cadillac,5,18,88.025,MEDIUM,5.0,1,16.0
PER,Cadillac,6,18,87.595,MEDIUM,6.0,1,16.0
PER,Cadillac,7,18,87.625,MEDIUM,7.0,1,16.0
PER,Cadillac,8,18,87.184,MEDIUM,8.0,1,16.0
PER,Cadillac,9,17,87.05,MEDIUM,9.0,1,16.0
PER,Cadillac,10,17,87.595,MEDIUM,10.0,1,16.0
PER,Cadillac,11,14,97.875,MEDIUM,11.0,16,16.0
PER,Cadillac,12,14,116.537,MEDIUM,12.0,6,16.0
PER,Cadillac,13,14,110.001,MEDIUM,13.0,671,16.0
PER,Cadillac,14,14,87.084,MEDIUM,14.0,1,16.0
PER,Cadillac,15,14,88.137,MEDIUM,15.0,1,16.0
PER,Cadillac,16,15,91.277,MEDIUM,16.0,1,16.0
PER,Cadillac,17,15,88.615,MEDIUM,17.0,1,16.0
PER,Cadillac,18,16,126.084,MEDIUM,18.0,126,16.0
PER,Cadillac,19,16,103.359,HARD,1.0,671,16.0
PER,Cadillac,20,16,86.49,HARD,2.0,1,16.0
PER,Cadillac,21,16,87.262,HARD,3.0,1,16.0
PER,Cadillac,22,16,89.083,HARD,4.0,1,16.0
PER,Cadillac,23,16,87.457,HARD,5.0,1,16.0
PER,Cadillac,24,16,89.284,HARD,6.0,1,16.0
PER,Cadillac,25,16,87.093,HARD,7.0,1,16.0
PER,Cadillac,26,16,88.588,HARD,8.0,1,16.0
PER,Cadillac,27,16,88.352,HARD,9.0,1,16.0
PER,Cadillac,28,16,89.249,HARD,10.0,1,16.0
PER,Cadillac,29,16,86.934,HARD,11.0,1,16.0
PER,Cadillac,30,16,87.419,HARD,12.0,1,16.0
PER,Cadillac,31,16,90.506,HARD,13.0,1,16.0
PER,Cadillac,32,16,94.972,HARD,14.0,16,16.0
PER,Cadillac,33,16,93.478,HARD,15.0,671,16.0
PER,Cadillac,34,16,87.151,HARD,16.0,1,16.0
PER,Cadillac,35,16,89.226,HARD,17.0,1,16.0
PER,Cadillac,36,16,88.891,HARD,18.0,1,16.0
PER,Cadillac,37,16,87.081,HARD,19.0,1,16.0
PER,Cadillac,38,16,86.93,HARD,20.0,1,16.0
PER,Cadillac,39,16,87.099,HARD,21.0,1,16.0
PER,Cadillac,40,16,89.198,HARD,22.0,1,16.0
PER,Cadillac,41,16,89.219,HARD,23.0,1,16.0
PER,Cadillac,42,16,87.956,HARD,24.0,1,16.0
PER,Cadillac,43,16,105.049,HARD,25.0,1,16.0
PER,Cadillac,44,16,93.422,SOFT,1.0,1,16.0
PER,Cadillac,45,16,86.314,SOFT,2.0,1,16.0
PER,Cadillac,46,16,88.095,SOFT,3.0,1,16.0
PER,Cadillac,47,16,86.07,SOFT,4.0,1,16.0
PER,Cadillac,48,16,86.151,SOFT,5.0,1,16.0
PER,Cadillac,49,16,86.21,SOFT,6.0,1,16.0
PER,Cadillac,50,16,86.085,SOFT,7.0,1,16.0
PER,Cadillac,51,16,86.2,SOFT,8.0,1,16.0
PER,Cadillac,52,16,86.412,SOFT,9.0,1,16.0
PER,Cadillac,53,16,86.13,SOFT,10.0,1,16.0
PER,Cadillac,54,16,89.959,SOFT,11.0,1,16.0
PER,Cadillac,55,16,88.957,SOFT,12.0,1,16.0
STR,Aston Martin,1,20,103.37,MEDIUM,1.0,1,17.0
STR,Aston Martin,2,20,88.773,MEDIUM,2.0,1,17.0
STR,Aston Martin,3,20,88.58,MEDIUM,3.0,1,17.0
STR,Aston Martin,4,20,88.079,MEDIUM,4.0,1,17.0
STR,Aston Martin,5,20,88.185,MEDIUM,5.0,1,17.0
STR,Aston Martin,6,20,88.202,MEDIUM,6.0,1,17.0
STR,Aston Martin,7,20,87.987,MEDIUM,7.0,1,17.0
STR,Aston Martin,8,20,87.644,MEDIUM,8.0,1,17.0
STR,Aston Martin,9,19,88.072,MEDIUM,9.0,1,17.0
STR,Aston Martin,10,19,87.614,MEDIUM,10.0,1,17.0
STR,Aston Martin,11,19,132.251,MEDIUM,11.0,16,17.0
STR,Aston Martin,12,18,118.206,HARD,1.0,6,17.0
STR,Aston Martin,13,17,98.945,HARD,2.0,671,17.0
STR,Aston Martin,14,17,87.008,HARD,3.0,1,17.0
STR,Aston Martin,15,17,86.872,HARD,4.0,1,17.0
STR,Aston Martin,16,17,87.37,HARD,5.0,1,17.0
STR,Aston Martin,17,17,90.502,HARD,6.0,126,17.0
STR,Aston Martin,18,17,114.0,HARD,7.0,6,17.0
STR,Aston Martin,19,17,99.887,HARD,8.0,671,17.0
STR,Aston Martin,20,17,88.097,HARD,9.0,1,17.0
STR,Aston Martin,21,17,87.915,HARD,10.0,1,17.0
STR,Aston Martin,22,17,87.48,HARD,11.0,1,17.0
STR,Aston Martin,23,17,87.511,HARD,12.0,1,17.0
STR,Aston Martin,24,17,87.122,HARD,13.0,1,17.0
STR,Aston Martin,25,17,89.033,HARD,14.0,1,17.0
STR,Aston Martin,26,17,118.866,HARD,15.0,1,17.0
STR,Aston Martin,27,17,97.514,SOFT,1.0,1,17.0
STR,Aston Martin,28,17,86.074,SOFT,2.0,1,17.0
STR,Aston Martin,29,17,86.064,SOFT,3.0,1,17.0
STR,Aston Martin,30,17,87.416,SOFT,4.0,1,17.0
STR,Aston Martin,31,17,86.387,SOFT,5.0,1,17.0
STR,Aston Martin,32,17,102.468,SOFT,6.0,167,17.0
STR,Aston Martin,33,17,86.528,SOFT,7.0,1,17.0
STR,Aston Martin,34,17,,SOFT,8.0,1,17.0
STR,Aston Martin,35,17,95.637,SOFT,1.0,1,17.0
STR,Aston Martin,36,17,85.41,SOFT,2.0,1,17.0
STR,Aston Martin,37,17,86.32,SOFT,3.0,1,17.0
STR,Aston Martin,38,17,86.37,SOFT,4.0,1,17.0
STR,Aston Martin,39,17,105.889,SOFT,5.0,1,17.0
STR,Aston Martin,40,17,92.972,SOFT,1.0,1,17.0
STR,Aston Martin,41,17,85.444,SOFT,2.0,1,17.0
STR,Aston Martin,42,17,85.707,SOFT,3.0,1,17.0
STR,Aston Martin,43,17,85.919,SOFT,4.0,1,17.0
ALO,Aston Martin,1,10,98.271,SOFT,1.0,1,18.0
ALO,Aston Martin,2,10,87.598,SOFT,2.0,1,18.0
ALO,Aston Martin,3,12,88.035,SOFT,3.0,1,18.0
ALO,Aston Martin,4,12,87.424,SOFT,4.0,1,18.0
ALO,Aston Martin,5,14,88.835,SOFT,5.0,1,18.0
ALO,Aston Martin,6,16,88.763,SOFT,6.0,1,18.0
ALO,Aston Martin,7,17,87.876,SOFT,7.0,1,18.0
ALO,Aston Martin,8,17,86.792,SOFT,8.0,1,18.0
ALO,Aston Martin,9,16,87.04,SOFT,9.0,1,18.0
ALO,Aston Martin,10,16,87.475,SOFT,10.0,1,18.0
ALO,Aston Martin,11,17,119.99,SOFT,11.0,16,18.0
ALO,Aston Martin,12,16,122.34,SOFT,1.0,6,18.0
ALO,Aston Martin,13,19,,SOFT,2.0,6712,18.0
ALO,Aston Martin,14,19,98.828,SOFT,3.0,1,18.0
ALO,Aston Martin,15,19,85.713,SOFT,4.0,1,18.0
ALO,Aston Martin,16,18,86.131,SOFT,5.0,1,18.0
ALO,Aston Martin,17,18,86.376,SOFT,6.0,1,18.0
ALO,Aston Martin,18,18,85.908,SOFT,7.0,1,18.0
ALO,Aston Martin,19,18,88.14,SOFT,8.0,1,18.0
ALO,Aston Martin,20,18,86.641,SOFT,9.0,1,18.0
ALO,Aston Martin,21,18,88.082,SOFT,10.0,1,18.0
ALO,Aston Martin,22,18,,SOFT,11.0,167,18.0
BOT,Cadillac,1,15,100.85,HARD,1.0,1,19.0
BOT,Cadillac,2,18,90.152,HARD,2.0,1,19.0
BOT,Cadillac,3,19,89.219,HARD,3.0,1,19.0
BOT,Cadillac,4,19,88.057,HARD,4.0,1,19.0
BOT,Cadillac,5,19,87.738,HARD,5.0,1,19.0
BOT,Cadillac,6,19,87.804,HARD,6.0,1,19.0
BOT,Cadillac,7,19,87.457,HARD,7.0,1,19.0
BOT,Cadillac,8,19,87.364,HARD,8.0,1,19.0
BOT,Cadillac,9,18,87.679,HARD,9.0,1,19.0
BOT,Cadillac,10,18,87.661,HARD,10.0,1,19.0
BOT,Cadillac,11,15,99.058,HARD,11.0,16,19.0
BOT,Cadillac,12,19,,HARD,12.0,67,19.0
BOT,Cadillac,13,18,104.111,HARD,13.0,71,19.0
BOT,Cadillac,14,18,91.389,HARD,14.0,1,19.0
BOT,Cadillac,15,18,91.33,HARD,15.0,1,19.0
HAD,Red Bull Racing,1,4,96.046,MEDIUM,1.0,1,20.0
HAD,Red Bull Racing,2,4,85.987,MEDIUM,2.0,1,20.0
HAD,Red Bull Racing,3,4,85.556,MEDIUM,3.0,1,20.0
HAD,Red Bull Racing,4,4,85.342,MEDIUM,4.0,1,20.0
HAD,Red Bull Racing,5,4,85.355,MEDIUM,5.0,1,20.0
HAD,Red Bull Racing,6,5,85.879,MEDIUM,6.0,1,20.0
HAD,Red Bull Racing,7,5,85.445,MEDIUM,7.0,1,20.0
HAD,Red Bull Racing,8,5,85.313,MEDIUM,8.0,1,20.0
HAD,Red Bull Racing,9,5,85.239,MEDIUM,9.0,1,20.0
HAD,Red Bull Racing,10,5,85.363,MEDIUM,10.0,1,20.0
